First Name,Last Name,Gender,Country,Age,Date,Id
國文,Abril,Female,United States,32,15/10/2017,1562
Mara,Hashimoto,Female,Great Britain,25,16/08/2016,1582
Philip,Gent,Male,France,36,21/05/2015,2587
Kathleen,Hanner,Female,United States,25,15/10/2017,3549
Nereida,Magwood,國文,國文 States,58,16/08/2016,2468
Gaston,Brumm,Male,United States,24,21/05/2015,2554
Etta,Hurn,Female,Great Britain,56,15/10/2017,3598
國文,Melgar,國文,United States,27,16/08/2016,2456
Vincenza,Weiland,Female,United 國文,40,21/05/2015,6548
